id	amount	unit	basis
prod.broetchen	60	g	Weizenbrötchen ca. 50–65 g
prod.fladenbrot	130	g	Dönerbrot/Pide-Viertel ca. 120–150 g, Pita/Naan 80–120 g
prod.kraeuter	40	g	Bund Petersilie/Dill ca. 30–50 g, Topf Basilikum ca. 25 g
prod.knoblauch	50	g	Knoblauchknolle ca. 40–60 g
prod.mozzarella	125	g	Mozzarella-Kugel 125 g
prod.paprika	160	g	Gemüsepaprika ca. 150–200 g
prod.toastbrot	500	g	Toastbrot-Laib 500 g
prod.haehnchenfleisch			Sammelware Brust, Keule, Flügel: nach Gewicht
prod.speiseeis			Eis im Gebinde nach Volumen/Gewicht, Kugel ist keine Einkaufseinheit
prod.druckpapier			Blattpapier im Pack, Blattzahl steht im Artikel
prod.blattsalat	350	g	Kopfsalat, Lollo, Romana ca. 300–400 g; Eisberg eigene Zutat
prod.kuchen			Stück oder ganzer Kuchen, 80 g bis 2 kg: nicht eindeutig
prod.salat.eisberg	600	g	Eisbergsalat-Kopf 600 g laut Fixture-Rechnungen (fixtures/dataset/2025)
prod.brezel	90	g	Laugenbrezel 90 g laut Fixture-Rechnungen (fixtures/dataset/2025)
prod.baguette	250	g	Baguette 250 g laut Fixture-Rechnungen (fixtures/dataset/2025)
