id	name	dimension	amount	unit	confidence	basis	flags
prod.algen	Algen	keine			0.98	Algen und Algenprodukte werden üblicherweise nach Gewicht bzw. Packung verkauft.	
prod.alkoholfreies.bier	Alkoholfreies Bier	keine			0.99	Flaschen- und Dosenware; Gebindegröße variiert.	
prod.anzuendholz.bund	Anzündholz, Bund	piece			0.99	Nicht-Lebensmittel; Bundgewicht ist nicht sinnvoll als Stückgewicht festzulegen.	
prod.armbanduhr.handelsware	Armbanduhr, Handelsware	piece			0.99	Handelsware ohne sinnvolles Stückgewicht für diese Schätzung.	
prod.aroma	Aroma und Lebensmittelfarbe	keine			0.98	Aromen und Farbstoffe sind keine einheitlichen Stückartikel.	
prod.autolack	Autolack	ml			0.99	Unzählbare Flüssigkeit; Gebindegröße ist produktabhängig.	
prod.autopflegemittel	Autopflegemittel	ml			0.99	Unzählbare Flüssigkeit; Gebindegröße ist produktabhängig.	
prod.avocado	Avocado	g	200	g	0.82	Eine typische Avocado wiegt etwa 200 g mit Schale und Kern.	
prod.ayran	Ayran	ml			0.99	Getränk wird nach Volumen verkauft; keine feste Stückgröße.	
prod.backfischportion	Backfischportion, je Stück	piece	150	g	0.78	Typische einzelne Backfisch- oder Fischfiletportion liegt bei etwa 150 g.	
prod.backmischung	Backmischung	g			0.99	Pulverförmige Ware wird nach Gewicht verkauft, nicht als Stück.	
prod.backtriebmittel	Backtriebmittel	g			0.99	Sammelbegriff für unterschiedliche, nach Gewicht bemessene Backzutaten.	
prod.baguette	Baguette	piece	250	g	1.00	Baguette 250 g laut Fixture-Rechnungen (fixtures/dataset/2025)	override
prod.baklava	Baklava	g			0.99	Süßware wird nach Gewicht verkauft; keine einheitliche Stückgröße.	
prod.bauelement	Bauelement (Tür, Fenster)	piece			0.99	Bauelemente haben stark unterschiedliche Maße und kein sinnvolles Stückgewicht.	
prod.bauholz	Bauholz	piece			0.99	Stark unterschiedliche Querschnitte und Längen; kein einheitliches Stückgewicht.	
prod.bauplatte	Bauplatte	piece			0.99	Plattenformate und Materialstärken variieren stark.	
prod.befestigungsmaterial	Befestigungsmaterial	piece			0.99	Sammelbegriff für verschiedenartige Befestigungsteile und Packungsgrößen.	
prod.betriebsfluessigkeit	Kfz-Betriebsflüssigkeit	ml			0.99	Flüssigkeiten werden nach Volumen bemessen; keine feste Stückgröße.	
prod.bienenwachs	Bienenwachs	g			0.99	Wachs wird nach Gewicht verkauft; keine einheitliche Stückgröße.	
prod.biermischgetraenk	Biermischgetränk	keine			0.99	Flaschen- und Dosenware; Gebindegröße variiert.	
prod.bilderrahmen	Bilderrahmen	piece			0.99	Nicht-Lebensmittel ohne sinnvolles Stückgewicht für diese Schätzung.	
prod.bindematerial	Binde- und Laminiermaterial	piece			0.99	Sammelbegriff für unterschiedliche Materialien und Formate.	
prod.blattsalat	Blattsalat	g	350	g	1.00	Kopfsalat, Lollo, Romana ca. 300–400 g; Eisberg eigene Zutat	override
prod.blondierpulver	Blondierpulver	g			0.99	Pulver wird nach Gewicht dosiert; keine feste Stückgröße.	
prod.bratwurst	Bratwurst	g	120	g	0.85	Eine übliche Bratwurst wiegt etwa 100–150 g; Ansatz 120 g.	
prod.braugerstenmalz	Braugerstenmalz	g			0.99	Schüttgut, das nach Gewicht bemessen wird.	
prod.brauhefe	Brau- und Weinhefe	g			0.99	Hefe wird nach Gewicht dosiert; keine feste Stückgröße.	
prod.brennholz	Brennholz und Pellets	g			0.99	Brennholz und Pellets werden nach Gewicht verkauft, nicht als Einzelstück.	
prod.brezel	Brezel	piece	90	g	1.00	Laugenbrezel 90 g laut Fixture-Rechnungen (fixtures/dataset/2025)	override
prod.brillenfassung	Brillenfassung	piece			0.99	Nicht-Lebensmittel ohne sinnvolles Stückgewicht für diese Schätzung.	
prod.broetchen	Brötchen	piece	60	g	1.00	Weizenbrötchen ca. 50–65 g	override
prod.brot	Brot	piece	750	g	0.72	Ein typischer Brotlaib im Handel wiegt etwa 750 g.	
prod.bruehepulver	Brühe- und Suppenkonzentrat	g			0.99	Konzentrat oder Pulver wird nach Gewicht dosiert; kein einheitliches Stück.	
prod.bruehwurst	Brühwurst	g			0.96	Sammelbegriff umfasst Stückwürste und Aufschnitt; kein einheitliches Stückgewicht.	null-split
prod.burgerbun	Burgerbrötchen	piece	80	g	0.82	Ein übliches Burgerbrötchen wiegt etwa 70–90 g.	
prod.burgerpatty.pflanzlich	Burgerpatty, pflanzlich	g			0.97	Wird im Rezept nach Gewicht bemessen; keine feste Stückgröße für den Sammelbegriff.	
prod.butter	Butter	g			0.99	Streichfett wird nach Gewicht verkauft und portioniert.	
prod.champagner	Champagner	ml			0.99	Getränk wird nach Volumen verkauft; Flaschengröße ist produktabhängig.	
prod.cola	Cola	keine			1.00	Flaschen und Dosen tragen ihre Füllmenge in der Bezeichnung	override
prod.dachziegel	Dachziegel	piece			0.99	Nicht-Lebensmittel ohne sinnvolles Stückgewicht für diese Schätzung.	
prod.daemmstoff	Dämmstoff	piece			0.99	Platten- und Dämmstoffformate variieren stark.	
prod.dekorationsmoos	Dekorationsmoos	g			0.99	Dekorationsmaterial wird nach Gewicht oder Gebinde verkauft, nicht stückweise.	
prod.dessert	Dessert, fertig	keine			0.91	Fertigdesserts gibt es in Einzelportionen und unterschiedlichen Gebindegrößen.	
prod.dessertpulver	Dessert- und Puddingpulver	keine			0.99	Pulverware wird nach Gewicht bzw. Packung verkauft.	
prod.diamant	Diamant	piece			0.99	Steine variieren stark im Gewicht; Stückzahl allein legt keine typische Größe fest.	
prod.dienstleistung	Dienstleistung und Fracht	keine			1.00	Dienstleistungen und Gutscheine haben kein Stückgewicht.	
prod.dieselkraftstoff	Dieselkraftstoff	ml			0.99	Kraftstoff wird nach Volumen verkauft.	
prod.dispersionsfarbe	Wandfarbe und Grundierung	ml			0.99	Farbe wird nach Volumen verkauft; keine feste Stückgröße.	
prod.doener.drehspiessfleisch.haehnchen	Drehspießfleisch Hähnchen	g			0.97	Fleisch wird nach Gewicht portioniert; Drehspieße variieren stark.	
prod.doener.drehspiessfleisch.kalb.rind	Drehspießfleisch Kalb/Rind	g			0.98	Fleisch wird nach Gewicht eingekauft, nicht als einheitliches Stück.	
prod.doenersauce	Dönersauce	g			0.99	Sauce wird nach Gewicht oder Gebindegröße bemessen.	
prod.druckertinte	Druckertinte	ml			0.99	Tinte wird nach Volumen gekauft; Patronenfüllmengen variieren.	
prod.druckpapier	Druckpapier, je Blatt	piece			1.00	Blattpapier im Pack, Blattzahl steht im Artikel	override
prod.duenger	Dünger	g			0.99	Dünger wird nach Gewicht oder Gebindegröße gekauft.	
prod.e.bike.handelsware	E-Bike, Handelsware	piece			0.99	Für E-Bikes gibt es kein einheitliches typisches Stückgewicht.	
prod.e.zigarette	E-Zigarette und Liquid	piece			0.99	E-Zigaretten, Liquids und Pods sind uneinheitliche Artikel.	
prod.eingelegtes.gemuese	Eingelegtes Gemüse	g			0.99	Sammelkategorie mit sehr unterschiedlichen Produkten, kein typisches Stück.	
prod.einstaerkenglas	Einstärkenglas	piece			0.98	Glasgewicht variiert stark nach Material und Sehstärke.	
prod.einstreu	Einstreu	g			0.99	Einstreu wird als Schütt- oder Sackware nach Gewicht gekauft.	
prod.einwegwerkzeug	Einwegwerkzeug (Klingen, Feilen, Tips)	piece			0.99	Sammelkategorie mit unterschiedlich großen Werkzeugen.	
prod.eiswaffel	Eiswaffel	piece	8	g	0.82	Eine einfache Eiswaffel wiegt typischerweise etwa 6–10 g.	spread 8/5
prod.elektroinstallationsmaterial	Elektroinstallationsmaterial	piece			0.99	Sammelkategorie mit sehr unterschiedlichen Bauteilen.	
prod.elektronikzubehoer.handelsware	Elektronikzubehör, Handelsware	piece			0.99	Sammelkategorie mit stark variierenden Artikeln.	
prod.energydrink	Energydrink	ml			0.99	Getränk wird nach Volumen bemessen; Gebindegrößen variieren.	
prod.entenfleisch	Enten- und Gänsefleisch	g			0.98	Ente, Keule und Brust sind unterschiedliche Zuschnitte.	
prod.enthaarungsmittel	Enthaarungsmittel	g			0.99	Enthaarungsmittel wird nach Gewicht oder Gebindegröße verkauft.	
prod.epoxidharz	Epoxidharz	g			0.99	Harz wird nach Gewicht oder Gebindegröße verkauft.	
prod.erdbeeren.schale	Erdbeeren, Schale	piece	500	g	0.99	Typische Erdbeerschale im Handel: 500 g.	
prod.erfrischungsgetraenk	Erfrischungsgetränk	ml			0.99	Getränke werden nach Volumen bemessen; Gebindegrößen variieren.	
prod.erfrischungsgetraenk.handelsware	Erfrischungsgetränk, Verkaufsflasche	piece			0.99	Verkaufsflaschen haben unterschiedliche, meist ausgewiesene Volumina.	
prod.essig	Essig	ml			0.99	Essig wird nach Volumen oder Gebindegröße verkauft.	
prod.fahrrad.ersatzteil	Fahrrad-Ersatzteil	piece			0.99	Sammelkategorie mit unterschiedlich schweren Ersatzteilen.	
prod.fahrrad.handelsware	Fahrrad, Handelsware	piece			0.99	Fahrräder unterscheiden sich stark nach Typ und Ausstattung.	
prod.fahrradbereifung	Fahrradbereifung	piece			0.98	Reifen und Schläuche variieren stark nach Radtyp und Größe.	
prod.fahrradzubehoer	Fahrradzubehör	piece			0.99	Sammelkategorie mit unterschiedlich schweren Zubehörartikeln.	
prod.falafelmasse	Falafelmasse	g			0.99	Falafelmasse wird nach Gewicht bemessen; Rezeptportionen sind keine Stückgröße.	
prod.fassbier	Fassbier	ml			0.99	Bier wird nach Volumen ausgeschenkt oder nach Fassgröße gekauft.	
prod.feingebaeck	Feingebäck	piece	70	g	0.72	Ein typisches einzelnes Croissant oder Gebäckstück wiegt etwa 60–80 g.	
prod.feingold	Feingold	g			0.99	Gold wird nach Gewicht berechnet, nicht als typisches Stück.	
prod.feinkostsalat	Feinkostsalat	keine			0.99	Feinkostsalat wird nach Gewicht oder in variierenden Gebinden verkauft.	
prod.feinschnitttabak.beutel	Feinschnitttabak	piece			0.99	Beutelgrößen variieren; kein einheitliches Einzelstück.	
prod.feinsilber	Feinsilber	g			0.99	Silber wird nach Gewicht berechnet, nicht als typisches Stück.	
prod.fertigcocktail	Fertigcocktail und Longdrink	keine			0.98	Fertigcocktails sind Getränke; Gebinde- und Portionsgrößen variieren.	
prod.fertiggericht	Fertiggericht	keine			0.95	Sammelkategorie mit stark variierenden Produkten und Portionsgrößen.	
prod.fertigsauce	Fertigsauce	g			0.99	Saucen werden nach Gewicht oder Gebindegröße gekauft.	
prod.feta	Feta und Grillkäse	g			0.99	Käse wird nach Gewicht oder Gebindegröße gekauft.	
prod.filament	3D-Druck-Filament	g			0.99	Filament wird als Spule nach Gewicht verkauft.	
prod.fladenbrot	Fladenbrot	piece	130	g	1.00	Dönerbrot/Pide-Viertel ca. 120–150 g, Pita/Naan 80–120 g	override
prod.flaschenbier	Flaschenbier	ml			0.99	Bier wird nach Volumen bemessen; Flaschengrößen variieren.	
prod.flaschenbier.handelsware	Flaschenbier, Verkaufsflasche	piece			0.99	Verkaufsflaschen haben unterschiedliche, meist ausgewiesene Volumina.	
prod.flaschenetikett	Flaschenetikett	piece			0.99	Etiketten sind Nicht-Lebensmittel ohne sinnvolles Stückgewicht für diese Schätzung.	
prod.flaschenverschluss	Flaschenverschluss	piece			0.99	Verschlussarten und Materialien variieren; kein relevantes typisches Stückgewicht.	
prod.fleischersatz	Fleischersatz	keine			0.95	Fleischersatz wird überwiegend nach Gewicht oder Packung verkauft.	
prod.flexfolie	Flexfolie für Textildruck	piece			0.99	Zuschnittgröße und Materialstärke variieren; kein typisches Stückgewicht.	
prod.fliese	Fliese	piece			0.99	Format und Stärke variieren; kein einheitliches Stückgewicht.	
prod.floristikbedarf	Floristikbedarf	piece			0.99	Sammelbegriff für unterschiedliche Materialien; kein typisches Stück.	
prod.fotopapier	Fotopapier, je Blatt	piece			0.98	Blattgewicht hängt stark vom Format und Papier ab.	
prod.freizeitbedarf	Freizeitbedarf, je Stück	piece			0.99	Sammelbegriff für sehr unterschiedliche Artikel.	
prod.frikadelle	Frikadelle und Fleischbällchen	keine	80	g	0.78	Eine typische Frikadelle liegt etwa bei 70–100 g.	
prod.frischkaese	Frischkäse	g			0.99	Wird nach Gewicht verkauft oder portioniert, nicht als einheitliches Stück.	
prod.frischobst	Frischobst	g	150	g	0.72	Apfel als häufige Sorte, typischerweise etwa 150 g pro Stück.	
prod.fruchtgemuese	Zucchini und Auberginen	g	300	g	0.70	Zucchini als häufige Sorte, meist etwa 250–350 g pro Stück.	
prod.fruchtpueree	Fruchtpüree	keine			0.99	Püree und Mus werden nach Gewicht bzw. Gebinde verkauft.	
prod.fruchtsaft	Fruchtsaft	ml			0.99	Wird nach Volumen ausgeschenkt oder verkauft.	
prod.futtermittel	Futtermittel	g			0.99	Wird nach Gewicht verkauft; kein typisches Einzelstück.	
prod.garn	Garn	g			0.95	Knäuelgrößen und Garngewichte variieren; keine einheitliche Stückgröße.	
prod.garnelen	Garnelen und Krabben	g			0.93	Sammelbegriff; Garnelen werden üblicherweise nach Gewicht verkauft.	
prod.gehoelz	Gehölz	piece			0.99	Pflanzenarten und Verkaufsgrößen unterscheiden sich stark.	
prod.gelatine	Gelatine	g			0.99	Pulver und Blattgelatine werden nach Gewicht beziehungsweise Packung verkauft.	
prod.geliermittel	Binde- und Geliermittel	keine			0.99	Pulver und Bindemittel werden nach Gewicht verkauft.	
prod.gesichtspflege	Gesichtsmaske und Peeling	g			0.99	Pflegeprodukte werden nach Inhalt dosiert, nicht stückweise gezählt.	
prod.getraenkekasten.handelsware	Getränkekasten, Handelsware	piece			0.98	Kastengrößen und Gebindeinhalt variieren; Getränke werden nach Volumen verkauft.	
prod.getraenkesirup	Getränkesirup	ml			0.99	Wird nach Volumen dosiert.	
prod.getreidebeilage	Getreidebeilage	g			0.99	Getreide und Flocken werden nach Gewicht portioniert.	
prod.gewuerzmischung	Gewürze	g			0.99	Gewürze werden nach Gewicht dosiert.	
prod.giessseifenbasis	Gießseifenbasis	g			0.98	Wird nach Gewicht abgewogen; Stückgröße richtet sich nach dem Gießprojekt.	
prod.gin	Gin	ml			0.99	Spirituose wird nach Volumen ausgeschenkt.	
prod.glasperlen	Glasperlen	g			0.99	Wird nach Gewicht oder Stückzahl verschiedener Perlengrößen verkauft.	
prod.gleitsichtglas	Gleitsichtglas	piece			0.96	Glasgewicht hängt von Stärke, Material und Form ab.	
prod.gluehwein	Glühwein	ml			0.99	Getränk wird nach Volumen ausgeschenkt.	
prod.grabkreuz	Grabkreuz	piece			0.99	Material und Abmessungen variieren stark.	
prod.grossformatmedium	Großformatmedium	piece			0.99	Format, Material und Zuschnitt variieren; kein typisches Stückgewicht.	
prod.gurken	Gurken	g	400	g	0.82	Salatgurke wiegt typischerweise etwa 350–450 g.	
prod.gyrosfleisch.schwein	Gyrosfleisch Schwein	g			0.99	Fleisch wird nach Gewicht verkauft und portioniert.	
prod.haarfarbe	Haarfarbe	g			0.99	Wird nach Gewicht beziehungsweise Inhalt dosiert.	
prod.haarfarbenentwickler	Entwickler und Umformmittel	ml			0.99	Wird nach Volumen dosiert.	
prod.haarpflegemittel	Haarpflegemittel für Salonanwendung	ml			0.99	Salonprodukte werden nach Volumen dosiert.	
prod.hackfleisch	Hackfleisch	g			0.98	Hackfleisch wird nach Gewicht verkauft; Burger und Frikadellen sind nur einzelne Aliasformen.	
prod.haehnchenfleisch	Hähnchenfleisch	g			1.00	Sammelware Brust, Keule, Flügel: nach Gewicht	override
prod.haehnchennugget	Hähnchennugget, je Stück	piece	20	g	0.78	Ein übliches Hähnchennugget wiegt etwa 15–25 g.	
prod.haferdrink	Pflanzendrink	ml			0.99	Pflanzendrink wird nach Volumen ausgeschenkt oder verkauft.	
prod.hartkaese	Hartkäse, gerieben	g			0.99	Geriebener Käse wird nach Gewicht verkauft und portioniert.	
prod.haushaltsware.handelsware	Haushalts- und Geschenkartikel, Handelsware	piece			0.99	Sammelbegriff für sehr unterschiedliche Haushalts- und Geschenkartikel.	
prod.hautpflegemittel	Hautpflege- und Massagemittel	ml			0.99	Pflege- und Massageprodukte werden nach Volumen dosiert.	
prod.holzkohle	Holzkohle	g			0.99	Brennstoff wird nach Gewicht verkauft.	
prod.holzlack	Lack und Holzöl	ml			0.99	Lack und Öl werden nach Volumen dosiert.	
prod.holzleim	Leim	ml			0.99	Handwerksmaterial, kein Lebensmittel mit sinnvollem Stückvolumen.	
prod.honig	Honig	g			0.99	Wird üblicherweise nach Gewicht abgefüllt oder entnommen.	
prod.hopfenpellets	Hopfenpellets	g			0.99	Lose Pellets werden nach Gewicht verkauft.	
prod.huehnerei	Hühnerei	piece	60	g	0.90	Ein Hühnerei Größe M wiegt etwa 53–63 g mit Schale.	
prod.huelsenfruechte	Hülsenfrüchte	g			0.98	Sammelbegriff für Hülsenfrüchte, üblicherweise nach Gewicht verkauft.	
prod.hummus	Hummus und Gemüsedip	g			0.99	Aufstriche und Dips werden nach Gewicht abgefüllt.	
prod.installationskabel	Installationskabel, je Meter	piece			0.99	Je Meter verkauft; Gewicht hängt stark von Kabeltyp und Querschnitt ab.	
prod.installationsrohr	Installationsrohr, je Meter	piece			0.99	Je Meter verkauft; Gewicht hängt stark von Rohrtyp und Durchmesser ab.	
prod.instantkaffee	Instantkaffee	g			0.99	Pulver wird nach Gewicht verkauft.	
prod.kaesealternative	Käsealternative, pflanzlich	keine			0.98	Käsealternativen werden nach Gewicht bzw. Packung verkauft.	
prod.kaesereikultur	Käsereikultur	g			0.99	Kultur wird nach Gewicht dosiert und verkauft.	
prod.kaffee	Röstkaffee	g			0.99	Kaffee wird nach Gewicht verkauft; Gebindegrößen variieren.	
prod.kakaomasse	Kakaomasse	g			0.99	Wird als Masse nach Gewicht verkauft.	
prod.kakaopulver	Kakaopulver	g			0.99	Pulver wird nach Gewicht verkauft.	
prod.kartoffeln	Kartoffeln	g			0.98	Kartoffeln sind hier als lose Ware nach Gewicht angegeben.	
prod.kartoffeln.sack	Kartoffeln, Sack	piece			0.99	Sackware; das Gebindegewicht ist produktabhängig und teils ausdrücklich angegeben.	null-split
prod.katzenstreu	Katzenstreu	g			0.99	Sackware wird nach Gewicht verkauft; kein sinnvolles Einzelstück.	
prod.kaviar	Kaviar und Fischrogen	keine			0.99	Rogen wird nach Gewicht oder im Glas verkauft.	
prod.keks	Keks und Dauerbackware	keine	10	g	0.62	Ein typischer Butterkeks wiegt ungefähr 8–12 g.	
prod.kellereihilfsstoff	Kellereihilfsstoff	g			0.99	Hilfsstoff wird nach Gewicht dosiert und verkauft.	
prod.keltergut	Keltergut	g			0.99	Rohware wird nach Gewicht oder Verarbeitungsausbeute bemessen.	
prod.keramikglasur	Keramikglasur	g			0.99	Glasur wird nach Gewicht verkauft und dosiert.	
prod.kerzenduftoel	Duftöl	ml			0.99	Duftöl wird nach Volumen abgefüllt.	
prod.kerzenwachs	Kerzenwachs	g			0.99	Wachs wird nach Gewicht verkauft und dosiert.	
prod.kerzenzubehoer	Kerzenzubehör	piece			0.99	Unspezifisches Zubehör; kein typisches Einzelstückgewicht bestimmbar.	
prod.ketchup	Ketchup und Grillsauce	g			0.99	Sauce wird nach Gewicht oder in variablen Gebinden verkauft.	
prod.kettenoel	Kettenöl	ml			0.99	Öl wird nach Volumen abgefüllt.	
prod.kfz.filter	Kfz-Filter	piece			0.99	Filter sind fahrzeugspezifisch und haben stark unterschiedliche Gewichte.	
prod.kfz.kleinteil	Kfz-Kleinteil	piece			0.99	Unspezifische Kfz-Teile haben kein typisches Stückgewicht.	
prod.kloesse	Klöße und Knödel	keine	100	g	0.76	Ein Kartoffelklöß typischer Handelsgröße wiegt etwa 90–120 g.	
prod.knabbergebaeck	Salzgebäck und Chips	keine			0.96	Chips und Salzgebäck werden überwiegend nach Packungsgewicht verkauft.	
prod.knoblauch	Knoblauch und Ingwer	g	50	g	1.00	Knoblauchknolle ca. 40–60 g	override
prod.kohlgemuese	Kohlgemüse	g			0.98	Sammelkategorie mit sehr unterschiedlichen Gemüsesorten und Stückgewichten.	null-split
prod.kokosmilch	Kokosmilch	ml			0.99	Wird nach Volumen in variablen Gebinden verkauft.	
prod.konfituere	Konfitüre	g			0.99	Konfitüre wird nach Gewicht abgefüllt; Gebindegrößen variieren.	
prod.kontaktlinsen.monatspackung	Kontaktlinsen	piece			0.99	Kein sinnvolles Stückgewicht für die Einkaufs- oder Umsatzschätzung.	
prod.kosmetik.verkaufsware	Kosmetik, Verkaufsware	piece			0.99	Verkaufsgebinde variieren; Produktmenge steht meist auf der Packung.	
prod.kraeuter	Frische Kräuter	g	40	g	1.00	Bund Petersilie/Dill ca. 30–50 g, Topf Basilikum ca. 25 g	override
prod.kuchen	Kuchen und Torte	keine			1.00	Stück oder ganzer Kuchen, 80 g bis 2 kg: nicht eindeutig	override
prod.kuvertuere	Kuvertüre und Nougat	g			0.99	Schokolade und Nougat werden nach Gewicht verkauft.	
prod.lab	Lab	ml			0.99	Lab wird nach Volumen dosiert und verkauft.	
prod.lachsfilet	Lachsfilet	g			0.99	Filetware wird nach Gewicht portioniert und verkauft.	null-split
prod.lammfleisch	Lammfleisch	g			0.99	Fleisch wird nach Gewicht verkauft; Zuschnitte variieren.	
prod.lebensmittel.handelsware	Lebensmittel, Handelsware	piece			0.99	Sammelbegriff für unterschiedlich verpackte Lebensmittel ohne typisches Stückgewicht.	
prod.leber	Leber	g			0.99	Leber und Leberprodukte werden nach Gewicht verkauft.	
prod.leberkaese	Leberkäse	g			0.99	Leberkäse wird nach Gewicht portioniert; Stückformate variieren.	
prod.leerflasche	Leerflasche	piece			0.99	Leeres Verpackungsgebinde, kein sinnvolles Stückgewicht für die Zutatenschätzung.	
prod.leergebinde	Leergebinde	piece			0.99	Leeres Verpackungsgebinde, kein sinnvolles Stückgewicht für die Zutatenschätzung.	
prod.likoer	Likör	ml			0.99	Likör wird nach Volumen dosiert, nicht stückweise.	
prod.likoerwein	Likörwein	keine			0.99	Likörwein wird nach Flaschenvolumen verkauft.	
prod.loeffelbiskuits	Löffelbiskuits	g			0.99	Nach Gewicht verwendete Backware, kein typisches Stück verlangt.	
prod.margarine	Margarine	keine			0.99	Margarine und Streichfett werden in variierenden Packungen verkauft.	
prod.mayonnaise	Mayonnaise und Remoulade	g			0.99	Sauce und Feinkost werden nach Gewicht portioniert.	
prod.medien.handelsware	Bücher, Zeitungen und Tonträger, Handelsware	piece			0.99	Handelsware außerhalb von Lebensmitteln, kein sinnvolles Stückgewicht.	
prod.mehl	Mehl	g			0.99	Unzählbare Trockenware, wird nach Gewicht verkauft und dosiert.	
prod.milchmischgetraenk	Milchmischgetränk	keine			0.97	Getränk mit unterschiedlichen Flaschen-, Becher- und Packungsgrößen.	
prod.milchpulver	Milchpulver	g			0.99	Pulver wird nach Gewicht dosiert, nicht stückweise.	
prod.mineralwasser	Mineralwasser	ml			0.99	Getränk wird nach Volumen abgegeben.	
prod.moertel.und.kleber	Mörtel und Kleber	g			0.99	Nicht-Lebensmittel und kein sinnvolles Stückgewicht.	
prod.motoroel	Motoröl	ml			0.99	Flüssigkeit wird nach Volumen berechnet.	
prod.motoroel.verkaufsflasche	Motoröl, Verkaufsflasche	piece			0.99	Nicht-Lebensmittel; Füllmenge der Verkaufsflasche ist bereits artikelbezogen.	
prod.mozzarella	Mozzarella	g	125	g	1.00	Mozzarella-Kugel 125 g	override
prod.muesli	Müsli und Cerealien	keine			0.99	Müsli und Cerealien werden nach Gewicht bzw. Packung verkauft.	
prod.muscheln	Muscheln	g			0.98	Sammelbegriff für verschiedene Muschelarten, üblicherweise nach Gewicht verkauft.	
prod.naehgarn	Nähgarn, Rolle	piece			0.99	Nicht-Lebensmittel; kein sinnvolles Stückgewicht für die Zutatenschätzung.	
prod.nagelmodellage.fluessig	Nagellack und Modellageflüssigkeit	ml			0.99	Kosmetikflüssigkeiten werden nach Volumen dosiert.	
prod.nagelmodellage.pulver	Modellagepulver und UV-Gel	g			0.99	Kosmetikpulver und Gel werden nach Gewicht dosiert.	
prod.naturjoghurt	Joghurt und Quark	g			0.99	Joghurt und Quark werden nach Gewicht portioniert.	
prod.nonfood	Ausstattung und Bedarf	keine			1.00	Ausstattung und Bedarf haben kein einheitliches sinnvolles Stückgewicht.	
prod.noriblatt	Noriblatt	piece	3	g	0.82	Ein Nori-Algenblatt wiegt typischerweise etwa 2–3 g.	
prod.nusskerne	Nüsse, Kerne und Trockenfrüchte	g			0.99	Sammelkategorie für lose Nüsse, Kerne und Trockenfrüchte, nach Gewicht verkauft.	
prod.nussmus	Sesam- und Nussmus	g			0.99	Mus und Cremes werden nach Gewicht portioniert.	
prod.oberbekleidung.handelsware	Oberbekleidung, Handelsware	piece			0.99	Nicht-Lebensmittel, kein sinnvolles Stückgewicht für die Zutatenschätzung.	
prod.obstkonserve	Obstkonserve	g			0.99	Konservenobst wird üblicherweise nach Gewicht verwendet; kein einzelnes Stück gemeint.	
prod.obstwein	Obstwein und Cidre	keine			0.99	Obstwein und Cidre werden nach Flaschenvolumen verkauft.	
prod.oliven	Oliven	g			0.99	Oliven werden typischerweise nach Gewicht portioniert.	
prod.olivenoel	Olivenöl	ml			0.99	Öl wird nach Volumen dosiert.	
prod.optikzubehoer	Optikzubehör	piece			0.99	Nicht-Lebensmittel, kein sinnvolles Stückgewicht für die Zutatenschätzung.	
prod.ottokraftstoff	Ottokraftstoff	ml			0.99	Kraftstoff wird nach Volumen verkauft.	
prod.paniermehl	Paniermehl	g			0.99	Trockenware wird nach Gewicht verkauft und dosiert.	
prod.paprika	Paprika	g	160	g	1.00	Gemüsepaprika ca. 150–200 g	override
prod.passierte.tomaten	Passierte Tomaten	g			0.99	Tomatenprodukte werden nach Gewicht verwendet, nicht stückweise.	
prod.pasta	Pasta, trocken	g			0.99	Trockene Pasta wird nach Gewicht portioniert.	
prod.pastete	Pastete und Terrine	keine			0.97	Pasteten und Terrinen werden nach Gewicht bzw. Packung verkauft.	
prod.pesto	Pesto	g			0.99	Pesto wird nach Gewicht portioniert.	
prod.pfand	Pfand und Leergut	keine			1.00	Pfand und Leergut sind keine Lebensmittel mit Stückgewicht.	
prod.pflanzenjoghurt	Pflanzlicher Joghurt und Dessert	keine			0.98	Joghurtalternativen werden in variierenden Bechern und Gebinden verkauft.	
prod.pflanzenoel	Pflanzenöl	ml			0.99	Öl wird nach Volumen dosiert.	
prod.pflanzensahne	Pflanzliche Koch- und Schlagcreme	keine			0.98	Koch- und Schlagcremes werden in variierenden Packungen verkauft.	
prod.pflanzerde	Pflanzerde und Mulch	g			0.99	Nicht-Lebensmittel; Erde wird nach Gewicht oder Gebinde verkauft.	
prod.pflasterstein	Pflasterstein	piece			0.99	Nicht-Lebensmittel, kein sinnvolles Stückgewicht für die Zutatenschätzung.	
prod.piercingschmuck	Piercingschmuck	piece			0.99	Nicht-Lebensmittel, kein sinnvolles Stückgewicht für die Zutatenschätzung.	
prod.pizzateigling	Pizzateigling	piece	250	g	0.78	Üblicher einzelner Pizzateigling für eine Standardpizza wiegt etwa 250 g.	
prod.pkw.bremsteile	Pkw-Bremsteile	piece			0.99	Nicht-Lebensmittel, kein sinnvolles Stückgewicht für die Zutatenschätzung.	
prod.pkw.reifen	Pkw-Reifen	piece			0.99	Nicht-Lebensmittel, kein sinnvolles Stückgewicht für die Zutatenschätzung.	
prod.pkw.starterbatterie	Pkw-Starterbatterie	piece			0.99	Nicht-Lebensmittel, kein sinnvolles Stückgewicht für die Zutatenschätzung.	
prod.pommes.frites	Pommes frites	g			0.99	Tiefkühlware wird üblicherweise nach Gewicht verkauft.	
prod.popcornmais	Popcornmais	g			0.99	Trockenware wird nach Gewicht verkauft.	
prod.praline	Praline und Konfekt	keine	12	g	0.69	Eine einzelne Praline wiegt typischerweise etwa 10–15 g.	
prod.propangasflasche	Propangasflasche, Füllung	piece			0.99	Füllmenge ist bereits als 11 kg angegeben; kein Lebensmittelstück.	
prod.proteinriegel	Proteinriegel, Verkaufsware	piece	55	g	0.75	Ein handelsüblicher Proteinriegel wiegt meist etwa 50–60 g.	
prod.putenfleisch	Putenfleisch	keine			0.95	Putenfleisch wird üblicherweise nach Gewicht verkauft; Zuschnitte variieren.	
prod.raeucherfisch	Räucher- und Marinadenfisch	g			0.98	Räucherfisch und Filets werden üblicherweise nach Gewicht verkauft.	
prod.rasensaat	Rasensaat	g			0.99	Saatgut wird nach Gewicht verkauft; kein sinnvolles Stückgewicht.	
prod.rasierbedarf	Rasier- und Bartpflegemittel	ml			0.99	Pflegeprodukte werden nach Volumen verkauft.	
prod.reibekuchen	Reibekuchen, je Stück	piece	80	g	0.78	Ein handelsüblicher TK-Reibekuchen wiegt ungefähr 70–90 g.	spread 80/60
prod.reinigung	Reinigung und Hygiene	keine			1.00	Reinigungs- und Hygieneartikel haben kein einheitliches Stückgewicht.	
prod.reinigungsloesemittel	Lösemittel für Textilreinigung	ml			0.99	Lösemittel wird nach Volumen verkauft.	
prod.reinigungsmittel	Reinigungsmittel, Gebäudereinigung	ml			0.99	Reinigungsmittel wird nach Volumen verkauft.	
prod.reinigungsverbrauchsmaterial	Reinigungsverbrauchsmaterial	piece			0.98	Sammelbegriff für unterschiedliche Verbrauchsartikel ohne typisches Stückgewicht.	
prod.reis	Reis	g			0.99	Reis wird als Trockenware nach Gewicht verkauft.	
prod.reispapierblatt	Reispapierblatt	piece	8	g	0.75	Ein übliches Reispapierblatt wiegt etwa 7–10 g.	
prod.reissverschluss	Reißverschluss	piece			0.99	Nicht-Lebensmittel ohne sinnvolles typisches Stückgewicht.	
prod.riegel	Müsli- und Schokoriegel	keine	40	g	0.77	Ein typischer Müsliriegel oder Schokoriegel wiegt etwa 30–50 g.	spread 40/30
prod.rind.hack	Rinderhackfleisch	g			1.00	Wird nach Gewicht gehandelt	override
prod.rindersteak	Rindersteak	g			0.95	Steaks werden üblicherweise nach Gewicht verkauft; Beispiel nennt Verkauf je kg.	
prod.rindfleisch	Rindfleisch	g			0.99	Fleisch wird nach Gewicht verkauft; Sammelbegriff mit unterschiedlichen Zuschnitten.	
prod.rohkaffee	Rohkaffee	g			0.99	Rohkaffee wird nach Gewicht verkauft.	
prod.rohwurst	Rohwurst	g			0.97	Wurstsorten und Aufschnitt werden üblicherweise nach Gewicht verkauft.	
prod.rosewein	Roséwein	keine			0.99	Roséwein wird nach Flaschenvolumen verkauft.	
prod.rotwein	Rotwein	ml			0.99	Wein wird nach Volumen verkauft.	
prod.rum	Rum	ml			0.99	Spirituosen werden nach Volumen verkauft.	
prod.sahne	Sahne	ml			0.99	Sahne und verwandte Produkte werden nach Volumen verkauft.	
prod.salat.eisberg	Eisbergsalat	keine	600	g	1.00	Eisbergsalat-Kopf 600 g laut Fixture-Rechnungen (fixtures/dataset/2025)	override
prod.sand	Sand und Splitt	g			0.99	Schüttgut wird nach Gewicht oder Volumen, nicht je Stück verkauft.	
prod.sanitaerinstallationsmaterial	Sanitärinstallationsmaterial	piece			0.99	Sammelbegriff für unterschiedliche Bauteile ohne typisches Stückgewicht.	
prod.sanitaerobjekt	Sanitärobjekt	piece			0.99	Sanitärobjekte sind Nicht-Lebensmittel ohne sinnvolles typisches Stückgewicht.	
prod.sarg	Sarg	piece			0.99	Nicht-Lebensmittel ohne sinnvolles Stückgewicht.	
prod.sargausstattung	Sargausstattung	piece			0.99	Sammelbegriff für unterschiedliche Nicht-Lebensmittel ohne typisches Stückgewicht.	
prod.schinken	Schinken und Speck	g			0.98	Schinken und Speck werden üblicherweise nach Gewicht verkauft.	
prod.schluesselrohling	Schlüsselrohling	piece			0.99	Nicht-Lebensmittel ohne sinnvolles Stückgewicht.	
prod.schmalz	Schmalz und Butterschmalz	keine			0.99	Schmalz und Bratfett werden nach Gewicht bzw. Packung verkauft.	
prod.schmuck.handelsware	Schmuck, Handelsware	piece			0.99	Sammelbegriff für Schmuckstücke mit stark unterschiedlichem Gewicht.	
prod.schmuckzubehoer	Schmuckzubehör	piece			0.99	Sammelbegriff für Zubehör mit stark unterschiedlichem Gewicht.	
prod.schnittblume	Schnittblume, je Stiel	piece			0.99	Nicht-Lebensmittel ohne sinnvolles Stückgewicht.	
prod.schnittgruen	Schnittgrün	piece			0.99	Floristikware ohne einheitliches typisches Stückgewicht.	
prod.schnittkaese	Schnittkäse	g			0.99	Käse und Käsesortimente werden nach Gewicht verkauft.	
prod.schnitzel.paniert	Schnitzel, paniert, je Stück	piece	180	g	0.82	Ein paniertes Gastronomie-Schnitzel wiegt typischerweise etwa 160–200 g.	
prod.schokolade	Schokolade	keine			0.94	Schokolade wird üblicherweise nach Tafeln- oder Packungsgewicht verkauft.	
prod.schuhabsatz	Schuhabsatz, Paar	piece			0.99	Nicht-Lebensmittel ohne sinnvolles Stückgewicht.	
prod.schuhpaar	Schuhpaar, Handelsware	piece			0.99	Nicht-Lebensmittel ohne sinnvolles Stückgewicht.	
prod.schweinefleisch	Schweinefleisch	g			0.99	Fleisch wird nach Gewicht verkauft; Sammelbegriff mit unterschiedlichen Zuschnitten.	
prod.schweinefleisch.mit.knochen	Schweinefleisch mit Knochen	g			0.99	Fleisch mit Knochen wird nach Gewicht verkauft.	
prod.seefischfilet	Seefischfilet	g			0.98	Fischfilets werden üblicherweise nach Gewicht verkauft.	
prod.sekt	Schaumwein	ml			0.99	Schaumwein wird nach Volumen verkauft.	
prod.senf	Senf	g			0.98	Senf wird als Sauce nach Gewicht oder Gebindegröße bezogen, nicht als Stück.	
prod.senfsaat	Senfsaat	g			0.99	Senfsaat ist lose beziehungsweise als variable Packungsware erhältlich.	
prod.serviceverpackung	Servierverpackung	piece			0.99	Verpackung ist kein Lebensmittel mit sinnvollem Stückgewicht.	
prod.silikondichtstoff	Silikondichtstoff	g			0.99	Nicht-Lebensmittel; keine sinnvolle Stückgewichtsangabe.	
prod.smartphone.ersatzteil	Smartphone-Ersatzteil	piece			0.99	Ersatzteile unterscheiden sich stark und haben kein sinnvolles typisches Stückgewicht.	
prod.smartphone	Smartphone, Handelsware	piece			0.99	Technikware ohne sinnvolles typisches Stückgewicht.	
prod.sonnenbrille.handelsware	Sonnenbrille	piece			0.99	Handelsware ohne sinnvolles Stückgewicht für die Umsatzschätzung.	
prod.spargel	Spargel	keine	25	g	0.68	Eine Spargelstange wiegt je nach Sorte und Stärke etwa 20–35 g.	null-split
prod.speiseeis	Speiseeis	g			1.00	Eis im Gebinde nach Volumen/Gewicht, Kugel ist keine Einkaufseinheit	override
prod.speisefisch.ganz	Speisefisch, ganz	g	450	g	0.85	Ganze Dorade liegt typischerweise bei etwa 400–500 g; Rezept nennt 450 g.	
prod.speisepilze	Speisepilze	g			0.93	Pilze und Pilzmischungen werden üblicherweise nach Gewicht bezogen.	
prod.spielware.handelsware	Spielware, Handelsware	piece			0.99	Handelsware ohne sinnvolles typisches Stückgewicht.	
prod.spinat	Spinat und Blattgemüse	keine			0.95	Spinat und Blattgemüse werden überwiegend nach Gewicht verkauft.	
prod.spirituose	Spirituose	ml			0.99	Spirituosen werden nach Volumen bezogen und dosiert.	
prod.spirituose.handelsware	Spirituose, Verkaufsflasche	piece			0.97	Flaschengrößen variieren; die Beispielware nennt bereits 0,7 l.	
prod.sportartikel.verkaufsware	Sportartikel, Verkaufsware	piece			0.99	Sportartikel sind keine Lebensmittel mit sinnvoller Stückgewichtsangabe.	
prod.sportnahrungspulver	Sportnahrungspulver	g			0.97	Pulver wird nach Gewicht bezogen; Packungsgrößen variieren.	
prod.stieleis.einzeln.verpackt	Stieleis, einzeln verpackt	piece	60	g	0.72	Ein einzelnes Stieleis wiegt typischerweise etwa 50–80 g.	
prod.stoff	Stoff, je Meter	piece			0.99	Stoff wird nach Länge verkauft; kein sinnvolles Stückgewicht.	
prod.stopfleber	Stopfleber	keine			0.98	Stopfleber wird nach Gewicht oder als Block verkauft.	
prod.sublimationstransfer	Sublimationstransfer	piece			0.99	Nicht-Lebensmittel ohne sinnvolles typisches Stückgewicht.	
prod.suessungsmittel	Sirup und Süßungsmittel	keine			0.99	Sammelkategorie aus Sirupen und Süßungsmitteln; keine einheitliche Stückgröße.	
prod.suessware	Bonbon und Fruchtgummi	keine			0.98	Bonbons und Fruchtgummi werden üblicherweise nach Gewicht oder Packung verkauft.	
prod.suesswaren.handelsware	Süßwaren und Knabberartikel, Verkaufspackung	piece			0.98	Verkaufspackungen haben stark unterschiedliche Füllmengen.	
prod.suppe	Suppe und Eintopf	keine			0.98	Suppen und Eintöpfe werden nach Packungs- oder Portionsgröße verkauft, nicht als Stück.	
prod.tapete	Tapete, Rolle	piece			0.99	Nicht-Lebensmittel; Rollen unterscheiden sich in Format und Gewicht.	
prod.tapiokaperlen	Tapiokaperlen	g			0.99	Tapiokaperlen werden als Trockenware nach Gewicht bezogen.	
prod.tattoo.farbe	Tattoo-Farbe	ml			0.99	Nicht-Lebensmittel; Farbe wird nach Volumen abgefüllt.	
prod.tattoo.verbrauchsmaterial	Tattoo- und Piercingverbrauchsmaterial	piece			0.99	Verbrauchsmaterial umfasst unterschiedliche Artikel ohne einheitliches Stückgewicht.	
prod.tee	Tee	g			0.98	Tee wird als lose Ware oder Packung nach Gewicht bezogen.	
prod.teigblatt	Teig und Teigblätter	keine			0.96	Teige und Teigblätter unterscheiden sich stark in Form und Größe.	
prod.teigtasche	Teigtasche, je Stück	piece	50	g	0.72	Eine typische Maultasche wiegt etwa 40–60 g.	
prod.textildruckfarbe	Textildruckfarbe	g			0.99	Nicht-Lebensmittel; Farbe wird nach Gewicht beziehungsweise Gebinde verkauft.	
prod.textilrohling	Textilrohling	piece			0.99	Textilware hat je nach Kleidungsstück und Größe stark unterschiedliche Gewichte.	
prod.thunfischkonserve	Thunfischkonserve	g			0.97	Konservendosen unterscheiden sich in Füll- und Abtropfgewicht.	
prod.tiefkuehlgemuese	Gemüse, tiefgekühlt	g			0.98	Tiefkühlgemüse wird üblicherweise nach Gewicht bezogen.	
prod.tiefkuehlobst	Obst, tiefgekühlt	g			0.98	Tiefkühlobst wird üblicherweise nach Gewicht bezogen.	
prod.tiefkuehlpizza.je.stueck	Tiefkühlpizza, je Stück	piece	350	g	0.82	Eine handelsübliche Tiefkühlpizza wiegt meist etwa 300–400 g.	
prod.tierarzneimittel	Tierarzneimittel	piece			0.99	Arzneimittel unterscheiden sich stark; kein sinnvolles einheitliches Stückgewicht.	
prod.tierfutter	Tierfutter	g			0.98	Tierfutter wird nach Gewicht verkauft; Packungs- und Gebindegrößen variieren.	
prod.tierpflegemittel	Tierpflegemittel	ml			0.98	Pflegemittel werden nach Volumen abgefüllt.	
prod.tierzubehoer	Tierzubehör, Handelsware	piece			0.99	Zubehörartikel unterscheiden sich stark und haben kein typisches Stückgewicht.	
prod.tintenfisch	Tintenfisch	g			0.92	Tintenfisch und Ringe werden üblicherweise nach Gewicht bezogen.	
prod.toastbrot	Toastbrot	g	500	g	1.00	Toastbrot-Laib 500 g	override
prod.toepferton	Töpferton	g			0.99	Nicht-Lebensmittel; Ton wird nach Gewicht bezogen.	
prod.tofu	Tofu und Seitan	g			0.94	Tofu und Seitan werden meist in variablen Packungen nach Gewicht bezogen.	
prod.tomaten	Tomaten	g	120	g	0.78	Eine mittelgroße frische Tomate wiegt typischerweise etwa 100–150 g.	
prod.tomatenmark	Tomatenmark	g			0.99	Paste wird nach Gewicht dosiert, kein typisches Stück.	
prod.tonerkartusche.verkauf	Tonerkartusche	piece			0.99	Kein Lebensmittel; Kartuschengewicht ist kein sinnvolles Stückgewicht.	
prod.topfpflanze	Topfpflanze	piece			0.99	Pflanzen unterscheiden sich stark; kein sinnvolles Stückgewicht.	
prod.tortenboden	Tortenboden	piece	300	g	0.75	Handelsüblicher Biskuit-Tortenboden liegt häufig bei etwa 250–350 g.	
prod.tortendekor	Tortendekor und Glasur	keine			0.98	Dekor und Glasur sind keine einheitliche, typischerweise gezählte Stückware.	
prod.tortillachips	Tortillachips	g			0.99	Chips werden üblicherweise nach Packungs- oder Portionsgewicht verkauft.	
prod.trauergesteck.zugekauft	Trauergesteck	piece			0.99	Kein Lebensmittel; kein übliches Stückgewicht.	
prod.trueffel	Trüffel	keine			0.96	Sammelkategorie aus frischen Trüffeln und verarbeiteten Trüffelprodukten; keine einheitliche Stückgröße.	
prod.uhrenknopfzelle	Uhrenknopfzelle	piece			0.99	Kein Lebensmittel; Gewicht ist für die Stückschätzung nicht sinnvoll.	
prod.urne	Urne	piece			0.99	Kein Lebensmittel; kein sinnvolles Stückgewicht.	
prod.veredelungsrohling	Rohling zum Veredeln	piece			0.99	Rohlinge variieren je nach Material und Produkt; kein typisches Stückgewicht.	
prod.verpackung	Verpackung und Einweg	keine			1.00	Verpackungs- und Einwegartikel haben kein sinnvolles Stückgewicht für die Schätzung.	
prod.vollei	Flüssigei	g			0.99	Flüssigei wird als Masse dosiert, nicht pro Stück.	
prod.vollmilch	Milch	ml			0.99	Milch wird nach Volumen dosiert; Packungsgrößen stehen üblicherweise am Artikel.	
prod.waesche.und.accessoires.handelsware	Wäsche und Accessoires, Handelsware	piece			0.99	Textilien sind keine Lebensmittel; Stückgewicht ist nicht sinnvoll standardisierbar.	
prod.waschmittel	Waschmittel, Wäscherei	ml			0.99	Flüssiges Waschmittel wird nach Volumen dosiert.	
prod.wasserpfeifentabak	Wasserpfeifentabak	g			0.99	Tabak wird nach Gewicht verkauft und dosiert, nicht pro Stück.	
prod.wasserpfeifenzubehoer	Wasserpfeifenzubehör	piece			0.99	Zubehör ist kein Lebensmittel; Stücke sind zu unterschiedlich.	
prod.weichkaese	Weichkäse	g			0.99	Weichkäse wird als Zutat nach Gewicht dosiert.	
prod.weihnachtsbaum.nordmanntanne	Weihnachtsbaum	piece			0.99	Kein Lebensmittel; Baumgröße und -gewicht variieren stark.	
prod.wein.handelsware	Wein, Verkaufsflasche	piece			0.99	Verkaufsflasche; das Volumen ist üblicherweise im Artikelnamen angegeben.	null-split
prod.weisswein	Weißwein	ml			0.99	Wein wird nach Volumen dosiert.	
prod.weizentortilla	Weizentortilla	piece	60	g	0.80	Ein handelsüblicher Wrap wiegt meist etwa 50–70 g.	
prod.wermut	Wermut und Bitteraperitif	ml			0.99	Aperitif wird nach Volumen dosiert.	
prod.whiskey	Whiskey	ml			0.99	Whiskey wird nach Volumen dosiert.	
prod.wildfleisch	Wildfleisch	keine			0.97	Wildfleisch umfasst unterschiedliche Zuschnitte und wird üblicherweise nach Gewicht verkauft.	
prod.wimpernextensions	Wimpernextensions	piece			0.99	Einzelne Extensions sind kein sinnvoll nach Gewicht standardisierbares Stück.	
prod.wimpernkleber	Wimpernkleber	ml			0.99	Kleber wird nach Volumen dosiert.	
prod.wodka	Wodka	ml			0.99	Wodka wird nach Volumen dosiert.	
prod.wuerzpaste	Würzpaste	g			0.99	Paste wird nach Gewicht dosiert, kein typisches Stück.	
prod.wuerzsauce	Würzsauce, flüssig	ml			0.99	Flüssige Würzsauce wird nach Volumen dosiert.	
prod.wurstaufschnitt	Wurstaufschnitt	g			0.99	Aufschnitt wird üblicherweise nach Gewicht verkauft und dosiert.	
prod.wurzelgemuese	Wurzel- und Knollengemüse	g	80	g	0.60	Karotte ist die häufigste Sorte; eine typische Möhre wiegt etwa 70–100 g.	
prod.zement	Zement	g			0.99	Baustoff wird nach Gewicht bzw. Sackinhalt verkauft; kein Stückgewicht.	
prod.zierfisch	Zierfisch, Handelsware	piece			0.99	Tiergröße und -art variieren; kein sinnvolles Stückgewicht für die Schätzung.	
prod.zierkuerbis	Zierkürbis	piece	500	g	0.50	Kleine Zierkürbisse liegen häufig ungefähr bei 300–800 g pro Stück.	
prod.zigaretten	Zigaretten und Zigarillos	piece			0.99	Packungsware; kein sinnvolles Stückgewicht für die Umsatzschätzung.	
prod.zirkonia	Zirkonia	piece			0.99	Steingrößen variieren stark; kein typisches Stückgewicht.	
prod.zitrusfruechte	Zitrusfrüchte	g	130	g	0.70	Als häufigste Sorte angesetzt: eine mittelgroße Zitrone wiegt etwa 120–150 g.	
prod.zitrussaft	Zitrussaft	ml			0.99	Saft und Konzentrate werden nach Volumen dosiert.	
prod.zucker	Zucker	g			0.99	Zucker wird nach Gewicht dosiert; kein typisches Stück.	
prod.zwiebeln	Zwiebeln und Lauch	g	100	g	0.70	Als häufigste Sorte angesetzt: eine mittelgroße Küchenzwiebel wiegt etwa 80–120 g.	
